<?xml version="1.0" encoding="UTF-8"?>
<metadata xml:lang="en"><Esri><CreaDate>20161025</CreaDate><CreaTime>17001900</CreaTime><ArcGISFormat>1.0</ArcGISFormat><SyncOnce>TRUE</SyncOnce><DataProperties><lineage><Process ToolSource="c:\program files (x86)\arcgis\desktop10.4\ArcToolbox\Toolboxes\Data Management Tools.tbx\CalculateField" Date="20160602" Time="215304">CalculateField Hex_All_Data Region_Name "Northern Ireland" VB #</Process><Process ToolSource="c:\program files (x86)\arcgis\desktop10.4\ArcToolbox\Toolboxes\Data Management Tools.tbx\CalculateField" Date="20160602" Time="215317">CalculateField Hex_All_Data Region_ID 12 VB #</Process><Process ToolSource="c:\program files (x86)\arcgis\desktop10.4\ArcToolbox\Toolboxes\Data Management Tools.tbx\CalculateField" Date="20160602" Time="215337">CalculateField Hex_All_Data DESCRIPTIO "Westminster Constituency" VB #</Process></lineage><itemProps><itemLocation><linkage Sync="TRUE">file://\\AYL-LT-02839\Users\bflanagan\OneDrive - ESRI (UK) Ltd\Carto\BlogData\Cartograms.gdb</linkage><protocol Sync="TRUE">Local Area Network</protocol></itemLocation></itemProps></DataProperties></Esri></metadata>
